id_imagem,cor_pele,cor_olhos,cor_cabelo,marca_tatuagem,Sexo,,,,,,,,,,,,,,,,,
40,3,13,7,0,16,,,,,,,,,,,,,,,,,
45,4,13,7,0,16,,,,,,,,,,,,,,,,,
47,4,13,7,0,16,,,,,,,,,,,,,,,,,
66,4,13,7,0,16,,,,,,,,,,,,,,,,,
67,4,12,10,0,15,,,,,,,,,,,,,,,,,
80,4,13,7,0,16,,,,,,,,,,,,,,,,,
86,2,12,10,0,15,,,,,,,,,,,,,,,,,
96,2,13,7,0,16,,,,,,,,,,,,,,,,,
100,2,12,7,0,16,,,,,,,,,,,,,,,,,
155,4,12,17,0,16,,,,,,,,,,,,,,,,,
158,4,12,7,0,16,,,,,,,,,,,,,,,,,
160,2,12,7,0,16,,,,,,,,,,,,,,,,,
199,4,12,7,0,16,,,,,,,,,,,,,,,,,
207,4,12,7,0,16,,,,,,,,,,,,,,,,,
223,4,13,7,0,16,,,,,,,,,,,,,,,,,
231,4,12,7,0,16,,,,,,,,,,,,,,,,,
242,4,13,7,0,16,,,,,,,,,,,,,,,,,
262,2,13,7,0,16,,,,,,,,,,,,,,,,,
275,2,12,9,0,16,,,,,,,,,,,,,,,,,
276,3,13,7,1,15,,,,,,,,,,,,,,,,,
284,4,13,7,0,16,,,,,,,,,,,,,,,,,
298,4,12,7,0,15,,,,,,,,,,,,,,,,,
299,4,13,7,0,16,,,,,,,,,,,,,,,,,
317,2,13,7,0,16,,,,,,,,,,,,,,,,,
325,2,12,7,0,15,,,,,,,,,,,,,,,,,
346,4,12,7,0,16,,,,,,,,,,,,,,,,,
352,4,13,7,0,16,,,,,,,,,,,,,,,,,
368,2,13,7,0,16,,,,,,,,,,,,,,,,,
376,4,13,7,0,16,,,,,,,,,,,,,,,,,
377,4,12,8,0,16,,,,,,,,,,,,,,,,,
400,2,13,7,0,16,,,,,,,,,,,,,,,,,
407,3,13,7,0,16,,,,,,,,,,,,,,,,,
408,2,14,9,1,15,,,,,,,,,,,,,,,,,
446,3,13,7,0,16,,,,,,,,,,,,,,,,,
447,4,13,7,1,15,,,,,,,,,,,,,,,,,
455,4,12,7,0,16,,,,,,,,,,,,,,,,,
465,4,13,7,0,15,,,,,,,,,,,,,,,,,
467,2,13,7,0,15,,,,,,,,,,,,,,,,,
474,4,12,7,0,15,,,,,,,,,,,,,,,,,
478,3,12,7,0,16,,,,,,,,,,,,,,,,,
493,2,12,9,0,15,,,,,,,,,,,,,,,,,
495,2,14,7,0,16,,,,,,,,,,,,,,,,,
504,2,13,7,0,16,,,,,,,,,,,,,,,,,
542,2,13,7,0,16,,,,,,,,,,,,,,,,,
543,3,13,7,0,16,,,,,,,,,,,,,,,,,
561,3,12,7,0,16,,,,,,,,,,,,,,,,,
576,2,13,8,0,16,,,,,,,,,,,,,,,,,
577,4,13,8,1,16,,,,,,,,,,,,,,,,,
596,2,12,7,0,16,,,,,,,,,,,,,,,,,
625,3,13,7,0,16,,,,,,,,,,,,,,,,,
634,2,13,7,0,16,,,,,,,,,,,,,,,,,
648,2,12,7,0,16,,,,,,,,,,,,,,,,,
659,3,13,7,0,16,,,,,,,,,,,,,,,,,
687,2,13,7,0,16,,,,,,,,,,,,,,,,,
689,4,12,8,0,16,,,,,,,,,,,,,,,,,
701,4,12,7,0,16,,,,,,,,,,,,,,,,,
703,2,13,7,0,16,,,,,,,,,,,,,,,,,
716,4,12,17,0,16,,,,,,,,,,,,,,,,,
718,2,12,8,0,16,,,,,,,,,,,,,,,,,
720,2,13,7,0,15,,,,,,,,,,,,,,,,,
725,3,13,7,0,16,,,,,,,,,,,,,,,,,
730,3,12,7,0,16,,,,,,,,,,,,,,,,,
732,2,12,7,0,16,,,,,,,,,,,,,,,,,
739,2,13,7,0,15,,,,,,,,,,,,,,,,,
747,3,13,7,0,16,,,,,,,,,,,,,,,,,
791,2,13,10,0,15,,,,,,,,,,,,,,,,,
801,3,13,7,0,16,,,,,,,,,,,,,,,,,
804,2,12,9,0,15,,,,,,,,,,,,,,,,,
844,4,13,9,0,15,,,,,,,,,,,,,,,,,
851,3,13,7,0,16,,,,,,,,,,,,,,,,,
858,3,13,7,0,15,,,,,,,,,,,,,,,,,
869,4,13,10,0,15,,,,,,,,,,,,,,,,,
894,4,13,17,0,16,,,,,,,,,,,,,,,,,
898,2,13,9,0,15,,,,,,,,,,,,,,,,,
903,4,13,8,1,16,,,,,,,,,,,,,,,,,
909,3,13,7,0,16,,,,,,,,,,,,,,,,,
920,2,13,7,0,16,,,,,,,,,,,,,,,,,
922,2,12,7,0,15,,,,,,,,,,,,,,,,,
924,4,12,7,0,16,,,,,,,,,,,,,,,,,
926,2,12,7,0,15,,,,,,,,,,,,,,,,,
927,5,13,7,0,15,,,,,,,,,,,,,,,,,
930,5,13,7,0,16,,,,,,,,,,,,,,,,,
942,4,13,7,0,16,,,,,,,,,,,,,,,,,
943,4,12,17,0,16,,,,,,,,,,,,,,,,,
953,4,14,7,0,16,,,,,,,,,,,,,,,,,
960,4,12,7,0,16,,,,,,,,,,,,,,,,,
967,4,13,7,0,16,,,,,,,,,,,,,,,,,
969,3,12,7,0,16,,,,,,,,,,,,,,,,,
975,4,13,7,0,16,,,,,,,,,,,,,,,,,
976,3,13,17,0,15,,,,,,,,,,,,,,,,,
982,2,13,7,0,15,,,,,,,,,,,,,,,,,
995,4,13,7,0,15,,,,,,,,,,,,,,,,,
1017,4,13,7,0,15,,,,,,,,,,,,,,,,,
1053,4,13,7,0,16,,,,,,,,,,,,,,,,,
1059,4,13,17,1,16,,,,,,,,,,,,,,,,,
1084,4,13,7,0,16,,,,,,,,,,,,,,,,,
1091,3,13,7,0,16,,,,,,,,,,,,,,,,,
1106,2,12,9,0,15,,,,,,,,,,,,,,,,,
1107,4,12,7,0,16,,,,,,,,,,,,,,,,,
1109,2,14,9,0,15,,,,,,,,,,,,,,,,,
1131,4,13,7,0,16,,,,,,,,,,,,,,,,,
1140,4,12,17,0,16,,,,,,,,,,,,,,,,,
1168,4,13,7,0,16,,,,,,,,,,,,,,,,,
1183,3,13,17,0,15,,,,,,,,,,,,,,,,,
1187,2,12,7,0,16,,,,,,,,,,,,,,,,,
1192,2,13,9,0,16,,,,,,,,,,,,,,,,,
1202,3,13,7,0,15,,,,,,,,,,,,,,,,,
1203,6,13,7,0,15,,,,,,,,,,,,,,,,,
1224,4,12,7,0,16,,,,,,,,,,,,,,,,,
1226,3,13,7,0,16,,,,,,,,,,,,,,,,,
1237,2,12,9,0,16,,,,,,,,,,,,,,,,,
1240,4,13,7,0,15,,,,,,,,,,,,,,,,,
1254,2,12,8,0,16,,,,,,,,,,,,,,,,,
1255,4,13,7,0,16,,,,,,,,,,,,,,,,,
1260,2,13,7,0,16,,,,,,,,,,,,,,,,,
1276,2,13,7,0,16,,,,,,,,,,,,,,,,,
1280,4,12,8,0,16,,,,,,,,,,,,,,,,,
1300,4,13,9,0,15,,,,,,,,,,,,,,,,,
1306,2,13,17,0,16,,,,,,,,,,,,,,,,,
1308,2,12,10,0,15,,,,,,,,,,,,,,,,,
1310,4,13,7,0,16,,,,,,,,,,,,,,,,,
1315,2,12,17,0,16,,,,,,,,,,,,,,,,,
1324,2,13,7,0,15,,,,,,,,,,,,,,,,,
1333,2,14,8,0,16,,,,,,,,,,,,,,,,,
1337,4,13,7,0,15,,,,,,,,,,,,,,,,,
1350,4,12,17,0,15,,,,,,,,,,,,,,,,,
1365,4,13,7,0,16,,,,,,,,,,,,,,,,,
1369,4,12,7,0,16,,,,,,,,,,,,,,,,,
1370,5,13,7,0,16,,,,,,,,,,,,,,,,,
1386,4,13,7,0,16,,,,,,,,,,,,,,,,,
1387,4,13,7,0,15,,,,,,,,,,,,,,,,,
1398,4,14,7,0,15,,,,,,,,,,,,,,,,,
1400,4,13,7,0,16,,,,,,,,,,,,,,,,,
1404,2,12,7,0,15,,,,,,,,,,,,,,,,,
1409,4,13,7,0,16,,,,,,,,,,,,,,,,,
1412,3,13,7,0,16,,,,,,,,,,,,,,,,,
1421,4,13,7,0,16,,,,,,,,,,,,,,,,,
1425,6,13,7,0,16,,,,,,,,,,,,,,,,,
1426,4,12,7,0,16,,,,,,,,,,,,,,,,,
1437,2,12,7,0,16,,,,,,,,,,,,,,,,,
1442,3,12,7,0,16,,,,,,,,,,,,,,,,,
1459,4,12,7,0,16,,,,,,,,,,,,,,,,,
1468,2,12,17,0,16,,,,,,,,,,,,,,,,,
1479,4,12,7,0,16,,,,,,,,,,,,,,,,,
1482,4,14,7,0,16,,,,,,,,,,,,,,,,,
1492,2,12,17,0,16,,,,,,,,,,,,,,,,,
1496,3,13,7,0,16,,,,,,,,,,,,,,,,,
1503,3,13,7,0,16,,,,,,,,,,,,,,,,,
1520,4,13,7,0,16,,,,,,,,,,,,,,,,,
1543,4,13,7,0,16,,,,,,,,,,,,,,,,,
1548,2,13,7,0,15,,,,,,,,,,,,,,,,,
1555,4,13,7,0,15,,,,,,,,,,,,,,,,,
1558,2,12,7,0,16,,,,,,,,,,,,,,,,,
1572,4,13,7,0,16,,,,,,,,,,,,,,,,,
1577,4,13,7,0,15,,,,,,,,,,,,,,,,,
1592,4,13,7,0,15,,,,,,,,,,,,,,,,,
1637,2,12,7,0,16,,,,,,,,,,,,,,,,,
1638,3,13,7,0,15,,,,,,,,,,,,,,,,,
1655,4,12,7,0,16,,,,,,,,,,,,,,,,,
1657,3,13,7,0,16,,,,,,,,,,,,,,,,,
1671,3,13,9,0,16,,,,,,,,,,,,,,,,,
1679,3,13,7,0,16,,,,,,,,,,,,,,,,,
1683,4,13,9,0,15,,,,,,,,,,,,,,,,,
1691,4,13,7,0,15,,,,,,,,,,,,,,,,,
1699,4,12,7,0,16,,,,,,,,,,,,,,,,,
1709,2,12,7,0,16,,,,,,,,,,,,,,,,,
1720,3,13,17,0,16,,,,,,,,,,,,,,,,,
1722,2,13,7,0,16,,,,,,,,,,,,,,,,,
1725,4,13,7,0,16,,,,,,,,,,,,,,,,,
1739,3,13,7,0,16,,,,,,,,,,,,,,,,,
1740,4,13,7,0,16,,,,,,,,,,,,,,,,,
1750,2,12,7,0,16,,,,,,,,,,,,,,,,,
1754,4,13,10,0,15,,,,,,,,,,,,,,,,,
1756,2,12,7,0,15,,,,,,,,,,,,,,,,,
1764,2,13,9,0,15,,,,,,,,,,,,,,,,,
1769,3,13,7,0,15,,,,,,,,,,,,,,,,,
1771,3,13,7,0,16,,,,,,,,,,,,,,,,,
1775,4,12,17,0,16,,,,,,,,,,,,,,,,,
1777,2,13,17,0,16,,,,,,,,,,,,,,,,,
1778,2,13,9,0,15,,,,,,,,,,,,,,,,,
1785,2,12,9,0,15,,,,,,,,,,,,,,,,,
1807,3,13,7,0,15,,,,,,,,,,,,,,,,,
1841,3,13,7,0,16,,,,,,,,,,,,,,,,,
1853,2,13,17,0,16,,,,,,,,,,,,,,,,,
1858,4,13,7,0,16,,,,,,,,,,,,,,,,,
1865,3,13,7,0,16,,,,,,,,,,,,,,,,,
1876,4,13,17,0,16,,,,,,,,,,,,,,,,,
1880,2,12,7,0,16,,,,,,,,,,,,,,,,,
1903,3,13,7,0,16,,,,,,,,,,,,,,,,,
1927,2,12,7,0,16,,,,,,,,,,,,,,,,,
1945,3,13,7,0,15,,,,,,,,,,,,,,,,,
1958,3,13,7,0,15,,,,,,,,,,,,,,,,,
1968,4,13,7,0,16,,,,,,,,,,,,,,,,,
2010,4,13,7,0,16,,,,,,,,,,,,,,,,,
2023,4,13,7,0,16,,,,,,,,,,,,,,,,,
2039,3,13,7,0,16,,,,,,,,,,,,,,,,,
2044,2,13,7,0,15,,,,,,,,,,,,,,,,,
2046,4,13,7,0,16,,,,,,,,,,,,,,,,,
2047,3,13,7,0,16,,,,,,,,,,,,,,,,,
2079,2,13,9,0,16,,,,,,,,,,,,,,,,,
2088,3,13,7,0,15,,,,,,,,,,,,,,,,,
2097,2,13,7,0,16,,,,,,,,,,,,,,,,,
2100,2,13,7,0,16,,,,,,,,,,,,,,,,,
2136,3,13,9,0,15,,,,,,,,,,,,,,,,,
2137,4,13,7,0,15,,,,,,,,,,,,,,,,,
2149,3,13,17,0,16,,,,,,,,,,,,,,,,,
2164,3,13,7,0,16,,,,,,,,,,,,,,,,,
2165,2,13,7,0,15,,,,,,,,,,,,,,,,,
2177,2,13,7,0,16,,,,,,,,,,,,,,,,,
2188,2,12,17,0,15,,,,,,,,,,,,,,,,,
2214,3,13,7,0,16,,,,,,,,,,,,,,,,,
2224,2,12,7,0,15,,,,,,,,,,,,,,,,,
2234,4,12,7,0,15,,,,,,,,,,,,,,,,,
2240,3,12,7,0,16,,,,,,,,,,,,,,,,,
2248,4,13,7,0,16,,,,,,,,,,,,,,,,,
2252,3,13,7,0,16,,,,,,,,,,,,,,,,,
2253,4,13,7,0,16,,,,,,,,,,,,,,,,,
2254,4,13,7,0,16,,,,,,,,,,,,,,,,,
2255,3,13,7,0,16,,,,,,,,,,,,,,,,,
2256,2,13,7,0,16,,,,,,,,,,,,,,,,,
2275,3,13,7,0,16,,,,,,,,,,,,,,,,,
2282,4,13,17,0,16,,,,,,,,,,,,,,,,,
2292,2,12,7,0,16,,,,,,,,,,,,,,,,,
2323,4,13,7,0,15,,,,,,,,,,,,,,,,,
2326,2,13,7,0,16,,,,,,,,,,,,,,,,,
2329,3,13,7,0,16,,,,,,,,,,,,,,,,,
2337,2,13,7,0,15,,,,,,,,,,,,,,,,,
2343,3,13,7,0,16,,,,,,,,,,,,,,,,,
2351,3,13,17,0,16,,,,,,,,,,,,,,,,,
2375,2,13,17,0,16,,,,,,,,,,,,,,,,,
2391,2,12,7,0,16,,,,,,,,,,,,,,,,,
2406,2,13,7,0,16,,,,,,,,,,,,,,,,,
2410,3,13,7,0,15,,,,,,,,,,,,,,,,,
2428,3,13,7,0,16,,,,,,,,,,,,,,,,,
2446,2,13,7,0,16,,,,,,,,,,,,,,,,,
2463,4,13,7,0,16,,,,,,,,,,,,,,,,,
2501,3,13,7,0,16,,,,,,,,,,,,,,,,,
2502,3,13,7,0,16,,,,,,,,,,,,,,,,,
2519,2,13,7,0,16,,,,,,,,,,,,,,,,,
2532,4,12,7,0,16,,,,,,,,,,,,,,,,,
2539,3,13,17,0,16,,,,,,,,,,,,,,,,,
2558,2,14,7,0,16,,,,,,,,,,,,,,,,,
2589,3,13,7,0,16,,,,,,,,,,,,,,,,,
2632,3,13,7,0,16,,,,,,,,,,,,,,,,,
2635,4,12,7,0,16,,,,,,,,,,,,,,,,,
2636,2,12,8,0,16,,,,,,,,,,,,,,,,,
2637,2,13,17,0,16,,,,,,,,,,,,,,,,,
2643,2,14,17,0,16,,,,,,,,,,,,,,,,,
2670,4,12,7,0,15,,,,,,,,,,,,,,,,,
2683,3,13,7,0,15,,,,,,,,,,,,,,,,,
2692,2,13,7,0,16,,,,,,,,,,,,,,,,,
2701,4,11,7,0,16,,,,,,,,,,,,,,,,,
2702,4,13,7,0,16,,,,,,,,,,,,,,,,,
2717,3,12,8,0,16,,,,,,,,,,,,,,,,,
2718,4,13,7,0,16,,,,,,,,,,,,,,,,,
2757,4,12,9,0,15,,,,,,,,,,,,,,,,,
2759,2,13,7,0,16,,,,,,,,,,,,,,,,,
2762,4,12,7,0,15,,,,,,,,,,,,,,,,,
2768,2,13,9,0,15,,,,,,,,,,,,,,,,,
2773,3,12,7,0,16,,,,,,,,,,,,,,,,,
2775,4,13,7,0,15,,,,,,,,,,,,,,,,,
2776,4,13,7,0,15,,,,,,,,,,,,,,,,,
2810,4,13,7,0,16,,,,,,,,,,,,,,,,,
2811,2,11,9,0,16,,,,,,,,,,,,,,,,,
2818,3,13,7,0,15,,,,,,,,,,,,,,,,,
2829,3,13,17,0,16,,,,,,,,,,,,,,,,,
2837,3,13,7,0,16,,,,,,,,,,,,,,,,,
2847,4,13,7,0,16,,,,,,,,,,,,,,,,,
2871,2,13,7,0,15,,,,,,,,,,,,,,,,,
2892,3,13,7,0,16,,,,,,,,,,,,,,,,,
2899,4,13,7,0,15,,,,,,,,,,,,,,,,,
2952,4,13,7,0,15,,,,,,,,,,,,,,,,,
2957,3,13,17,0,16,,,,,,,,,,,,,,,,,
2964,2,14,7,0,16,,,,,,,,,,,,,,,,,
2977,3,13,7,2,16,,,,,,,,,,,,,,,,,
2995,3,13,7,0,15,,,,,,,,,,,,,,,,,
3004,4,13,7,0,15,,,,,,,,,,,,,,,,,
3008,3,13,7,0,16,,,,,,,,,,,,,,,,,
3027,2,13,8,0,15,,,,,,,,,,,,,,,,,
3034,4,13,7,0,16,,,,,,,,,,,,,,,,,
3036,3,7,17,0,15,,,,,,,,,,,,,,,,,
3039,4,12,7,0,16,,,,,,,,,,,,,,,,,
3050,4,12,7,0,15,,,,,,,,,,,,,,,,,
3051,4,12,7,0,15,,,,,,,,,,,,,,,,,
3057,4,13,7,0,16,,,,,,,,,,,,,,,,,
3064,2,13,7,0,15,,,,,,,,,,,,,,,,,
3065,4,13,7,0,15,,,,,,,,,,,,,,,,,
3122,4,13,9,0,15,,,,,,,,,,,,,,,,,
3124,4,13,7,0,15,,,,,,,,,,,,,,,,,
3125,4,13,9,0,15,,,,,,,,,,,,,,,,,
3129,4,13,7,0,16,,,,,,,,,,,,,,,,,
3131,3,13,7,0,15,,,,,,,,,,,,,,,,,
3132,2,13,7,0,16,,,,,,,,,,,,,,,,,
3135,3,13,7,0,16,,,,,,,,,,,,,,,,,
3136,4,13,7,0,16,,,,,,,,,,,,,,,,,
3137,2,13,10,0,15,,,,,,,,,,,,,,,,,
3138,3,13,7,0,15,,,,,,,,,,,,,,,,,
3139,2,13,7,0,15,,,,,,,,,,,,,,,,,
3140,4,13,7,0,15,,,,,,,,,,,,,,,,,
3141,3,13,7,0,16,,,,,,,,,,,,,,,,,
3142,2,13,7,1,15,,,,,,,,,,,,,,,,,
3143,4,13,7,0,15,,,,,,,,,,,,,,,,,
3144,3,13,7,0,16,,,,,,,,,,,,,,,,,
3145,4,13,7,0,15,,,,,,,,,,,,,,,,,
3146,2,13,7,0,15,,,,,,,,,,,,,,,,,
3147,4,13,7,0,16,,,,,,,,,,,,,,,,,
3148,4,13,7,0,16,,,,,,,,,,,,,,,,,
3150,3,13,7,0,15,,,,,,,,,,,,,,,,,
3151,3,13,7,0,15,,,,,,,,,,,,,,,,,
3152,3,13,7,0,16,,,,,,,,,,,,,,,,,
3153,4,13,7,0,16,,,,,,,,,,,,,,,,,
3155,4,13,10,0,15,,,,,,,,,,,,,,,,,
3156,4,13,7,0,15,,,,,,,,,,,,,,,,,
3157,4,13,7,0,16,,,,,,,,,,,,,,,,,
3158,4,13,7,0,15,,,,,,,,,,,,,,,,,
5238,2,13,7,0,16,,,,,,,,,,,,,,,,,
5239,2,11,9,0,16,,,,,,,,,,,,,,,,,
5240,4,13,7,0,16,,,,,,,,,,,,,,,,,
5241,4,13,7,0,16,,,,,,,,,,,,,,,,,
5242,4,13,7,0,16,,,,,,,,,,,,,,,,,
5244,2,13,9,0,16,,,,,,,,,,,,,,,,,
5245,2,13,7,0,16,,,,,,,,,,,,,,,,,
5246,4,12,7,0,16,,,,,,,,,,,,,,,,,
5247,2,14,9,0,15,,,,,,,,,,,,,,,,,
5248,2,13,7,0,15,,,,,,,,,,,,,,,,,
5249,6,13,7,0,16,,,,,,,,,,,,,,,,,
5251,2,13,9,0,16,,,,,,,,,,,,,,,,,
5252,4,13,7,0,15,,,,,,,,,,,,,,,,,
5253,4,13,7,0,16,,,,,,,,,,,,,,,,,
5254,3,13,7,0,16,,,,,,,,,,,,,,,,,
5255,4,13,7,0,16,,,,,,,,,,,,,,,,,
5256,2,13,7,0,16,,,,,,,,,,,,,,,,,
5258,4,13,7,0,16,,,,,,,,,,,,,Dicionário Rotulagem,,,,
5259,2,12,9,0,15,,,,,,,,,,,,,cor_pele,cor_cabelo,cor_olhos,marca_tatuagem,Sexo
5261,2,12,9,0,15,,,,,,,,,,,,,branca - 2,preto - 7,azul - 11,0 = false,Feminino = 15
5265,4,13,7,0,16,,,,,,,,,,,,,preta - 3,branco - 8,castanho - 12,1 = true,Masculino = 16
5266,2,13,9,0,16,,,,,,,,,,,,,parda - 4,loiro - 9,preto - 13,,
5267,4,13,7,0,15,,,,,,,,,,,,,amarela - 5,colorido - 10,verde - 14,,
5269,2,13,7,0,16,,,,,,,,,,,,,indígena - 6 ,grisalho - 17,,,
5270,3,13,7,0,15,,,,,,,,,,,,,,,,,
5271,4,14,17,0,16,,,,,,,,,,,,,,,,,
5272,3,13,10,0,16,,,,,,,,,,,,,,,,,
5273,4,13,7,0,16,,,,,,,,,,,,,,,,,
5275,4,13,7,0,15,,,,,,,,,,,,,,,,,
5276,4,13,7,0,15,,,,,,,,,,,,,,,,,
5278,2,13,7,0,15,,,,,,,,,,,,,,,,,
5279,2,13,7,0,15,,,,,,,,,,,,,,,,,
5280,4,13,7,0,16,,,,,,,,,,,,,,,,,
5281,4,13,7,0,16,,,,,,,,,,,,,,,,,
5283,4,13,7,0,16,,,,,,,,,,,,,,,,,
5284,2,13,9,0,15,,,,,,,,,,,,,,,,,
5285,4,13,7,0,16,,,,,,,,,,,,,,,,,
5287,4,13,7,0,16,,,,,,,,,,,,,,,,,
5289,4,13,7,0,15,,,,,,,,,,,,,,,,,
5290,2,13,9,0,15,,,,,,,,,,,,,,,,,
5291,4,13,7,0,15,,,,,,,,,,,,,,,,,
5292,3,13,7,0,15,,,,,,,,,,,,,,,,,
5293,2,13,9,0,16,,,,,,,,,,,,,,,,,
5294,2,13,7,0,16,,,,,,,,,,,,,,,,,
5296,2,12,8,0,16,,,,,,,,,,,,,,,,,
5297,4,12,17,0,16,,,,,,,,,,,,,,,,,
5298,2,14,8,0,16,,,,,,,,,,,,,,,,,
5299,4,13,7,0,16,,,,,,,,,,,,,,,,,
5300,4,14,7,0,15,,,,,,,,,,,,,,,,,
5302,4,13,7,0,16,,,,,,,,,,,,,,,,,
5303,2,13,7,0,16,,,,,,,,,,,,,,,,,
5304,4,12,17,1,16,,,,,,,,,,,,,,,,,
5306,4,13,7,0,16,,,,,,,,,,,,,,,,,
5307,4,13,7,0,16,,,,,,,,,,,,,,,,,
5308,3,13,7,0,16,,,,,,,,,,,,,,,,,
5310,2,12,8,0,16,,,,,,,,,,,,,,,,,
5311,4,12,7,0,16,,,,,,,,,,,,,,,,,
5312,2,13,10,0,15,,,,,,,,,,,,,,,,,
5313,2,13,7,0,16,,,,,,,,,,,,,,,,,
5314,2,14,7,0,15,,,,,,,,,,,,,,,,,
5316,2,13,7,0,15,,,,,,,,,,,,,,,,,
5317,0,14,9,1,16,,,,,,,,,,,,,,,,,
5318,2,12,7,0,16,,,,,,,,,,,,,,,,,
5320,4,12,7,0,16,,,,,,,,,,,,,,,,,
5322,4,13,7,0,15,,,,,,,,,,,,,,,,,
5323,2,13,7,0,15,,,,,,,,,,,,,,,,,
5325,2,12,7,0,16,,,,,,,,,,,,,,,,,
5326,2,13,7,0,15,,,,,,,,,,,,,,,,,
5327,2,13,9,0,15,,,,,,,,,,,,,,,,,
5328,2,13,7,0,16,,,,,,,,,,,,,,,,,
5329,2,12,7,0,16,,,,,,,,,,,,,,,,,
5330,4,12,7,0,16,,,,,,,,,,,,,,,,,
5331,4,12,7,0,15,,,,,,,,,,,,,,,,,
5332,2,13,7,0,15,,,,,,,,,,,,,,,,,
5333,2,13,7,0,15,,,,,,,,,,,,,,,,,
5334,4,13,7,0,16,,,,,,,,,,,,,,,,,
5335,2,13,7,0,15,,,,,,,,,,,,,,,,,
5336,4,13,7,0,16,,,,,,,,,,,,,,,,,
5339,2,13,7,0,15,,,,,,,,,,,,,,,,,
5340,2,12,7,0,16,,,,,,,,,,,,,,,,,
5341,3,13,7,0,15,,,,,,,,,,,,,,,,,
5342,2,13,17,0,16,,,,,,,,,,,,,,,,,
5343,3,13,7,0,16,,,,,,,,,,,,,,,,,
5344,2,13,7,0,15,,,,,,,,,,,,,,,,,
5345,4,12,7,0,15,,,,,,,,,,,,,,,,,
5346,4,12,7,0,16,,,,,,,,,,,,,,,,,
5347,3,13,7,0,15,,,,,,,,,,,,,,,,,
5348,2,12,9,0,15,,,,,,,,,,,,,,,,,
5350,2,13,7,0,16,,,,,,,,,,,,,,,,,
5352,2,12,7,0,16,,,,,,,,,,,,,,,,,
5355,4,13,7,0,15,,,,,,,,,,,,,,,,,
5357,3,13,7,0,15,,,,,,,,,,,,,,,,,
5359,2,13,7,0,16,,,,,,,,,,,,,,,,,
5360,2,13,7,0,16,,,,,,,,,,,,,,,,,
5361,2,13,7,0,15,,,,,,,,,,,,,,,,,
5362,4,13,8,0,16,,,,,,,,,,,,,,,,,
5363,4,13,7,0,16,,,,,,,,,,,,,,,,,
5364,2,13,9,0,15,,,,,,,,,,,,,,,,,
5365,2,13,7,0,15,,,,,,,,,,,,,,,,,
5366,2,13,7,0,15,,,,,,,,,,,,,,,,,
5367,4,13,7,0,15,,,,,,,,,,,,,,,,,
5371,4,12,7,0,16,,,,,,,,,,,,,,,,,
5372,4,12,7,0,15,,,,,,,,,,,,,,,,,
5373,2,13,7,0,16,,,,,,,,,,,,,,,,,
5374,2,13,7,0,16,,,,,,,,,,,,,,,,,
5375,2,12,7,0,15,,,,,,,,,,,,,,,,,
5376,4,13,7,0,16,,,,,,,,,,,,,,,,,
5377,2,12,9,0,15,,,,,,,,,,,,,,,,,
5378,2,13,7,0,15,,,,,,,,,,,,,,,,,
5380,2,13,17,0,16,,,,,,,,,,,,,,,,,
5382,2,13,9,0,15,,,,,,,,,,,,,,,,,
5383,4,13,7,0,15,,,,,,,,,,,,,,,,,
5384,4,13,7,0,16,,,,,,,,,,,,,,,,,
5385,4,13,7,0,15,,,,,,,,,,,,,,,,,
5386,3,13,7,0,16,,,,,,,,,,,,,,,,,
5388,6,13,7,0,15,,,,,,,,,,,,,,,,,
5389,2,13,7,0,16,,,,,,,,,,,,,,,,,
5390,2,13,7,0,15,,,,,,,,,,,,,,,,,
5391,2,14,9,0,15,,,,,,,,,,,,,,,,,
5392,2,13,7,0,15,,,,,,,,,,,,,,,,,
5394,2,12,7,0,16,,,,,,,,,,,,,,,,,
5395,3,13,7,0,15,,,,,,,,,,,,,,,,,
5396,2,13,7,0,15,,,,,,,,,,,,,,,,,
5397,6,13,7,0,15,,,,,,,,,,,,,,,,,
5398,2,13,7,0,15,,,,,,,,,,,,,,,,,
5399,2,12,7,0,15,,,,,,,,,,,,,,,,,
5400,2,13,7,0,15,,,,,,,,,,,,,,,,,
5403,4,13,7,0,16,,,,,,,,,,,,,,,,,
5404,2,13,9,0,15,,,,,,,,,,,,,,,,,
5405,2,13,7,0,15,,,,,,,,,,,,,,,,,
5406,2,13,7,0,16,,,,,,,,,,,,,,,,,
5407,2,13,7,0,16,,,,,,,,,,,,,,,,,
5408,3,13,8,0,16,,,,,,,,,,,,,,,,,
5409,2,13,7,0,15,,,,,,,,,,,,,,,,,
5410,2,13,9,0,15,,,,,,,,,,,,,,,,,
5411,2,13,7,0,16,,,,,,,,,,,,,,,,,
5412,2,13,7,0,15,,,,,,,,,,,,,,,,,
5413,4,13,7,0,16,,,,,,,,,,,,,,,,,
5415,2,13,7,0,15,,,,,,,,,,,,,,,,,
5416,2,12,7,0,15,,,,,,,,,,,,,,,,,
5417,4,13,7,0,16,,,,,,,,,,,,,,,,,
5418,4,13,9,0,15,,,,,,,,,,,,,,,,,
5420,4,13,7,0,15,,,,,,,,,,,,,,,,,
5421,4,13,7,0,15,,,,,,,,,,,,,,,,,
5423,4,13,7,0,16,,,,,,,,,,,,,,,,,
5424,2,12,7,0,15,,,,,,,,,,,,,,,,,
5426,4,13,7,0,16,,,,,,,,,,,,,,,,,
5427,2,12,7,0,16,,,,,,,,,,,,,,,,,
5428,2,12,7,0,16,,,,,,,,,,,,,,,,,
5429,4,13,17,0,16,,,,,,,,,,,,,,,,,
5431,2,13,7,0,15,,,,,,,,,,,,,,,,,
5432,2,13,7,0,16,,,,,,,,,,,,,,,,,
5433,2,13,7,0,16,,,,,,,,,,,,,,,,,
5434,2,12,7,0,16,,,,,,,,,,,,,,,,,
5436,2,13,8,0,16,,,,,,,,,,,,,,,,,
5437,2,13,9,0,15,,,,,,,,,,,,,,,,,
5438,2,12,7,0,16,,,,,,,,,,,,,,,,,
5439,4,13,7,0,15,,,,,,,,,,,,,,,,,
5440,4,13,7,0,16,,,,,,,,,,,,,,,,,
5441,4,12,7,0,16,,,,,,,,,,,,,,,,,
5443,4,13,7,0,16,,,,,,,,,,,,,,,,,
5444,2,13,7,0,16,,,,,,,,,,,,,,,,,
5445,4,13,7,0,15,,,,,,,,,,,,,,,,,
5446,2,12,9,0,15,,,,,,,,,,,,,,,,,
5447,2,13,9,0,16,,,,,,,,,,,,,,,,,
5448,4,13,7,0,15,,,,,,,,,,,,,,,,,
5449,4,13,7,0,15,,,,,,,,,,,,,,,,,
5452,2,12,7,0,16,,,,,,,,,,,,,,,,,
5453,2,13,7,0,16,,,,,,,,,,,,,,,,,
5456,4,12,9,0,15,,,,,,,,,,,,,,,,,
5458,4,12,7,0,16,,,,,,,,,,,,,,,,,
5460,2,13,7,0,16,,,,,,,,,,,,,,,,,
5461,2,13,8,0,16,,,,,,,,,,,,,,,,,
5462,2,13,8,0,16,,,,,,,,,,,,,,,,,
5463,2,13,7,0,16,,,,,,,,,,,,,,,,,
5464,3,13,7,0,16,,,,,,,,,,,,,,,,,
5465,4,13,7,0,16,,,,,,,,,,,,,,,,,
5466,2,13,10,0,16,,,,,,,,,,,,,,,,,
5468,2,13,7,0,16,,,,,,,,,,,,,,,,,
5469,4,13,7,0,16,,,,,,,,,,,,,,,,,
5470,4,13,7,0,16,,,,,,,,,,,,,,,,,
5472,3,13,7,0,15,,,,,,,,,,,,,,,,,
5474,4,13,7,0,16,,,,,,,,,,,,,,,,,
5477,2,13,10,0,16,,,,,,,,,,,,,,,,,
5478,4,13,7,0,16,,,,,,,,,,,,,,,,,
5479,2,13,7,0,16,,,,,,,,,,,,,,,,,
5481,4,13,7,0,16,,,,,,,,,,,,,,,,,
5483,4,12,7,0,16,,,,,,,,,,,,,,,,,
5484,2,13,7,0,16,,,,,,,,,,,,,,,,,
5485,4,13,7,0,16,,,,,,,,,,,,,,,,,
5487,4,13,7,0,15,,,,,,,,,,,,,,,,,
5488,3,13,7,0,16,,,,,,,,,,,,,,,,,
5489,2,13,7,0,15,,,,,,,,,,,,,,,,,
5490,3,13,7,0,16,,,,,,,,,,,,,,,,,
5491,4,12,7,0,16,,,,,,,,,,,,,,,,,
5493,4,13,10,0,15,,,,,,,,,,,,,,,,,
5495,4,13,7,0,16,,,,,,,,,,,,,,,,,
5497,2,13,9,0,15,,,,,,,,,,,,,,,,,
5499,2,13,9,0,15,,,,,,,,,,,,,,,,,
5500,4,12,7,0,15,,,,,,,,,,,,,,,,,
5502,4,13,7,0,16,,,,,,,,,,,,,,,,,
5503,4,12,7,0,16,,,,,,,,,,,,,,,,,
5504,4,13,7,0,16,,,,,,,,,,,,,,,,,
5507,4,13,7,0,16,,,,,,,,,,,,,,,,,
5508,2,13,7,0,15,,,,,,,,,,,,,,,,,
5509,4,13,7,0,16,,,,,,,,,,,,,,,,,
5510,2,14,7,0,16,,,,,,,,,,,,,,,,,
5511,4,13,7,0,16,,,,,,,,,,,,,,,,,
5512,4,13,7,0,16,,,,,,,,,,,,,,,,,
5517,2,13,7,0,16,,,,,,,,,,,,,,,,,
5518,2,13,7,0,16,,,,,,,,,,,,,,,,,
5520,4,13,17,0,16,,,,,,,,,,,,,,,,,
5524,2,12,7,0,15,,,,,,,,,,,,,,,,,
5526,4,13,7,0,15,,,,,,,,,,,,,,,,,
5527,2,13,7,0,15,,,,,,,,,,,,,,,,,
5528,2,13,7,0,16,,,,,,,,,,,,,,,,,
5530,2,13,7,0,16,,,,,,,,,,,,,,,,,
5529,4,13,7,0,15,,,,,,,,,,,,,,,,,
5531,2,13,9,0,15,,,,,,,,,,,,,,,,,
5533,2,13,7,0,16,,,,,,,,,,,,,,,,,
5535,3,13,7,0,16,,,,,,,,,,,,,,,,,
5536,2,12,7,0,15,,,,,,,,,,,,,,,,,
5537,3,13,7,0,16,,,,,,,,,,,,,,,,,
5539,2,14,7,0,15,,,,,,,,,,,,,,,,,
5541,4,14,8,0,16,,,,,,,,,,,,,,,,,
5542,2,13,7,0,16,,,,,,,,,,,,,,,,,
5543,2,13,9,0,16,,,,,,,,,,,,,,,,,
5544,3,13,7,0,16,,,,,,,,,,,,,,,,,
5545,2,13,7,0,15,,,,,,,,,,,,,,,,,
5547,2,13,7,0,16,,,,,,,,,,,,,,,,,
5548,2,13,7,0,16,,,,,,,,,,,,,,,,,
5550,2,12,7,0,16,,,,,,,,,,,,,,,,,
5551,2,14,7,0,16,,,,,,,,,,,,,,,,,
5552,2,13,7,0,15,,,,,,,,,,,,,,,,,
5554,2,13,7,0,16,,,,,,,,,,,,,,,,,
5555,3,13,7,0,16,,,,,,,,,,,,,,,,,
5556,2,14,7,0,15,,,,,,,,,,,,,,,,,
5557,3,13,10,0,16,,,,,,,,,,,,,,,,,
5558,4,13,7,0,16,,,,,,,,,,,,,,,,,
5560,4,13,7,0,16,,,,,,,,,,,,,,,,,
5561,4,13,7,0,16,,,,,,,,,,,,,,,,,
5562,2,13,9,0,16,,,,,,,,,,,,,,,,,
5563,3,13,7,0,16,,,,,,,,,,,,,,,,,
5564,4,13,7,0,16,,,,,,,,,,,,,,,,,
5567,2,14,9,0,16,,,,,,,,,,,,,,,,,
5568,2,13,7,0,15,,,,,,,,,,,,,,,,,
5569,2,13,7,0,16,,,,,,,,,,,,,,,,,
5572,4,12,7,0,15,,,,,,,,,,,,,,,,,
5574,4,12,7,0,16,,,,,,,,,,,,,,,,,
5575,4,13,7,0,16,,,,,,,,,,,,,,,,,
5576,4,13,7,0,16,,,,,,,,,,,,,,,,,
5577,3,13,7,0,16,,,,,,,,,,,,,,,,,
5578,3,13,7,0,16,,,,,,,,,,,,,,,,,
5579,2,14,9,0,15,,,,,,,,,,,,,,,,,
5580,4,13,7,0,16,,,,,,,,,,,,,,,,,
5581,2,12,7,0,16,,,,,,,,,,,,,,,,,
5583,2,12,7,0,16,,,,,,,,,,,,,,,,,
5586,2,13,7,0,15,,,,,,,,,,,,,,,,,
5588,2,13,7,0,16,,,,,,,,,,,,,,,,,
5589,2,13,7,0,15,,,,,,,,,,,,,,,,,
5590,2,13,7,0,15,,,,,,,,,,,,,,,,,
5591,2,12,10,0,16,,,,,,,,,,,,,,,,,
5592,2,13,7,0,15,,,,,,,,,,,,,,,,,
5593,2,12,7,0,15,,,,,,,,,,,,,,,,,
5594,2,13,7,0,16,,,,,,,,,,,,,,,,,
5595,2,13,7,0,16,,,,,,,,,,,,,,,,,
5597,2,13,7,0,15,,,,,,,,,,,,,,,,,
5598,3,13,7,0,16,,,,,,,,,,,,,,,,,
5600,2,14,7,0,15,,,,,,,,,,,,,,,,,
5601,4,13,7,0,16,,,,,,,,,,,,,,,,,
5602,2,13,7,0,16,,,,,,,,,,,,,,,,,
5603,2,14,7,0,15,,,,,,,,,,,,,,,,,
5607,2,13,7,0,15,,,,,,,,,,,,,,,,,
5611,4,13,7,0,16,,,,,,,,,,,,,,,,,
5612,2,13,7,0,15,,,,,,,,,,,,,,,,,
5614,2,13,7,0,15,,,,,,,,,,,,,,,,,
5616,3,13,7,0,16,,,,,,,,,,,,,,,,,
5617,4,13,17,0,16,,,,,,,,,,,,,,,,,
5618,2,13,9,0,16,,,,,,,,,,,,,,,,,
5619,2,13,7,0,15,,,,,,,,,,,,,,,,,
5620,2,13,7,0,16,,,,,,,,,,,,,,,,,
5621,2,13,7,0,16,,,,,,,,,,,,,,,,,
5623,2,13,7,0,16,,,,,,,,,,,,,,,,,
5626,4,13,7,0,16,,,,,,,,,,,,,,,,,
5627,3,13,7,0,16,,,,,,,,,,,,,,,,,
5629,4,13,7,0,16,,,,,,,,,,,,,,,,,
5630,2,13,7,0,16,,,,,,,,,,,,,,,,,
5631,3,13,7,0,16,,,,,,,,,,,,,,,,,
5632,4,13,7,0,15,,,,,,,,,,,,,,,,,
5633,4,13,7,0,15,,,,,,,,,,,,,,,,,
5634,2,13,7,0,15,,,,,,,,,,,,,,,,,
5635,4,13,7,0,15,,,,,,,,,,,,,,,,,
5636,2,13,9,0,15,,,,,,,,,,,,,,,,,
5637,2,13,7,0,15,,,,,,,,,,,,,,,,,
5638,2,13,8,0,16,,,,,,,,,,,,,,,,,
5640,4,13,7,0,16,,,,,,,,,,,,,,,,,
5641,2,13,7,0,16,,,,,,,,,,,,,,,,,
5642,2,13,7,0,15,,,,,,,,,,,,,,,,,
5644,3,13,7,0,15,,,,,,,,,,,,,,,,,
5645,3,13,7,0,15,,,,,,,,,,,,,,,,,
5646,4,13,7,0,16,,,,,,,,,,,,,,,,,
5647,2,13,10,0,15,,,,,,,,,,,,,,,,,
5649,4,13,7,0,16,,,,,,,,,,,,,,,,,
5651,4,13,7,0,15,,,,,,,,,,,,,,,,,
5652,2,13,7,0,15,,,,,,,,,,,,,,,,,
5653,3,13,7,0,16,,,,,,,,,,,,,,,,,
5656,2,13,10,0,15,,,,,,,,,,,,,,,,,
5658,2,13,7,0,16,,,,,,,,,,,,,,,,,
5659,3,13,7,0,16,,,,,,,,,,,,,,,,,
5660,2,13,7,0,15,,,,,,,,,,,,,,,,,
5662,2,12,7,0,15,,,,,,,,,,,,,,,,,
5664,2,14,10,0,15,,,,,,,,,,,,,,,,,
5666,4,13,7,0,16,,,,,,,,,,,,,,,,,
5667,2,14,13,0,16,,,,,,,,,,,,,,,,,
5668,2,13,7,0,16,,,,,,,,,,,,,,,,,
5669,2,13,17,0,16,,,,,,,,,,,,,,,,,
5670,2,12,7,0,15,,,,,,,,,,,,,,,,,
5671,4,13,7,0,16,,,,,,,,,,,,,,,,,
5672,4,13,7,0,16,,,,,,,,,,,,,,,,,
5673,2,13,7,0,16,,,,,,,,,,,,,,,,,
5676,4,13,9,0,15,,,,,,,,,,,,,,,,,
5678,4,13,7,0,16,,,,,,,,,,,,,,,,,
5681,2,13,7,0,15,,,,,,,,,,,,,,,,,
5683,2,13,7,0,15,,,,,,,,,,,,,,,,,
5685,4,13,7,0,15,,,,,,,,,,,,,,,,,
5686,3,13,10,0,16,,,,,,,,,,,,,,,,,
5687,2,13,9,0,15,,,,,,,,,,,,,,,,,
5688,4,12,7,0,15,,,,,,,,,,,,,,,,,
5689,2,13,7,0,16,,,,,,,,,,,,,,,,,
5691,2,13,7,0,15,,,,,,,,,,,,,,,,,
5692,2,13,7,0,15,,,,,,,,,,,,,,,,,
5693,2,13,7,0,15,,,,,,,,,,,,,,,,,
5694,2,12,7,0,15,,,,,,,,,,,,,,,,,
5695,2,12,7,0,15,,,,,,,,,,,,,,,,,
5696,2,12,7,0,16,,,,,,,,,,,,,,,,,
5697,2,13,7,0,15,,,,,,,,,,,,,,,,,
5698,2,12,10,0,15,,,,,,,,,,,,,,,,,
5699,2,13,7,0,16,,,,,,,,,,,,,,,,,
5700,2,13,7,0,15,,,,,,,,,,,,,,,,,
5701,2,13,7,0,15,,,,,,,,,,,,,,,,,
5702,4,13,7,0,15,,,,,,,,,,,,,,,,,
5703,2,12,7,0,15,,,,,,,,,,,,,,,,,
5704,4,13,7,0,15,,,,,,,,,,,,,,,,,
5706,2,13,7,0,15,,,,,,,,,,,,,,,,,
5707,2,13,7,0,15,,,,,,,,,,,,,,,,,
5708,2,13,7,0,15,,,,,,,,,,,,,,,,,
5709,4,13,7,0,16,,,,,,,,,,,,,,,,,
5710,2,13,7,0,15,,,,,,,,,,,,,,,,,
5713,2,13,7,0,16,,,,,,,,,,,,,,,,,
5715,2,13,7,0,15,,,,,,,,,,,,,,,,,
5717,2,12,7,0,15,,,,,,,,,,,,,,,,,
5720,4,13,7,0,16,,,,,,,,,,,,,,,,,
5722,2,13,9,0,15,,,,,,,,,,,,,,,,,
5723,4,13,7,0,16,,,,,,,,,,,,,,,,,
5724,2,12,7,0,16,,,,,,,,,,,,,,,,,
5725,2,13,7,0,16,,,,,,,,,,,,,,,,,
5727,2,13,7,0,16,,,,,,,,,,,,,,,,,
5728,2,12,7,0,15,,,,,,,,,,,,,,,,,
5729,3,13,7,0,15,,,,,,,,,,,,,,,,,
5730,2,13,9,0,15,,,,,,,,,,,,,,,,,
5732,3,13,8,0,16,,,,,,,,,,,,,,,,,
5733,2,13,7,0,15,,,,,,,,,,,,,,,,,
5736,2,13,7,0,15,,,,,,,,,,,,,,,,,
5737,2,13,17,0,16,,,,,,,,,,,,,,,,,
5738,3,13,7,0,16,,,,,,,,,,,,,,,,,
5739,2,12,7,0,15,,,,,,,,,,,,,,,,,
5740,4,13,7,0,16,,,,,,,,,,,,,,,,,
5742,2,13,9,0,15,,,,,,,,,,,,,,,,,
5743,3,13,7,0,15,,,,,,,,,,,,,,,,,
5744,4,13,7,0,15,,,,,,,,,,,,,,,,,
5746,2,13,7,0,15,,,,,,,,,,,,,,,,,
5747,4,13,7,0,16,,,,,,,,,,,,,,,,,
5749,4,13,7,0,16,,,,,,,,,,,,,,,,,
5750,4,13,7,0,15,,,,,,,,,,,,,,,,,
5742,2,12,7,0,16,,,,,,,,,,,,,,,,,
5753,2,13,7,0,16,,,,,,,,,,,,,,,,,
5754,3,13,7,0,15,,,,,,,,,,,,,,,,,
5755,2,13,7,0,16,,,,,,,,,,,,,,,,,
5762,2,13,7,0,15,,,,,,,,,,,,,,,,,
5766,3,13,8,0,16,,,,,,,,,,,,,,,,,
5767,2,13,7,0,16,,,,,,,,,,,,,,,,,
5768,3,12,7,0,16,,,,,,,,,,,,,,,,,
5770,2,13,10,0,15,,,,,,,,,,,,,,,,,
5772,4,13,7,0,16,,,,,,,,,,,,,,,,,
5773,2,14,7,0,16,,,,,,,,,,,,,,,,,
5774,2,13,7,0,15,,,,,,,,,,,,,,,,,
5775,4,13,7,0,15,,,,,,,,,,,,,,,,,
5777,4,13,7,0,16,,,,,,,,,,,,,,,,,
5778,4,13,7,0,16,,,,,,,,,,,,,,,,,
5779,4,13,7,0,15,,,,,,,,,,,,,,,,,
5780,2,13,7,0,16,,,,,,,,,,,,,,,,,
5781,4,13,7,0,16,,,,,,,,,,,,,,,,,
5782,4,12,7,0,16,,,,,,,,,,,,,,,,,
5784,2,13,7,0,15,,,,,,,,,,,,,,,,,
5785,3,13,7,0,16,,,,,,,,,,,,,,,,,
5787,4,13,10,0,16,,,,,,,,,,,,,,,,,
5788,2,13,7,0,15,,,,,,,,,,,,,,,,,
5789,4,12,7,0,16,,,,,,,,,,,,,,,,,
5790,2,13,7,0,16,,,,,,,,,,,,,,,,,
5793,4,12,7,0,15,,,,,,,,,,,,,,,,,
5794,2,13,7,0,16,,,,,,,,,,,,,,,,,
5795,2,13,7,0,16,,,,,,,,,,,,,,,,,
5796,4,13,7,0,16,,,,,,,,,,,,,,,,,
5797,4,14,7,0,16,,,,,,,,,,,,,,,,,
5798,4,13,7,0,15,,,,,,,,,,,,,,,,,
5800,2,13,7,0,15,,,,,,,,,,,,,,,,,
5801,2,13,7,0,16,,,,,,,,,,,,,,,,,
5803,4,13,7,0,15,,,,,,,,,,,,,,,,,
5804,2,11,9,0,16,,,,,,,,,,,,,,,,,
5805,4,13,7,0,16,,,,,,,,,,,,,,,,,
5806,4,13,7,0,16,,,,,,,,,,,,,,,,,
5807,4,13,7,0,15,,,,,,,,,,,,,,,,,
5809,4,13,7,0,15,,,,,,,,,,,,,,,,,
5810,4,13,7,0,15,,,,,,,,,,,,,,,,,
5811,4,13,7,0,15,,,,,,,,,,,,,,,,,
5812,4,13,7,0,15,,,,,,,,,,,,,,,,,
5813,4,13,7,1,16,,,,,,,,,,,,,,,,,
5814,4,13,7,0,16,,,,,,,,,,,,,,,,,
5815,2,13,7,0,15,,,,,,,,,,,,,,,,,
5817,4,12,10,0,15,,,,,,,,,,,,,,,,,
5818,2,13,17,0,16,,,,,,,,,,,,,,,,,
5820,2,13,17,0,16,,,,,,,,,,,,,,,,,
5822,2,13,7,0,16,,,,,,,,,,,,,,,,,
5823,2,13,8,0,16,,,,,,,,,,,,,,,,,
5824,2,13,7,0,16,,,,,,,,,,,,,,,,,
5825,2,14,9,0,15,,,,,,,,,,,,,,,,,
5826,2,12,7,0,15,,,,,,,,,,,,,,,,,
5828,4,13,7,0,15,,,,,,,,,,,,,,,,,
5829,2,13,7,0,15,,,,,,,,,,,,,,,,,
5830,2,13,7,0,16,,,,,,,,,,,,,,,,,
5832,2,12,7,0,15,,,,,,,,,,,,,,,,,
5834,2,13,7,0,15,,,,,,,,,,,,,,,,,
5835,2,12,7,0,15,,,,,,,,,,,,,,,,,
5836,4,13,7,0,16,,,,,,,,,,,,,,,,,
5838,2,12,10,0,15,,,,,,,,,,,,,,,,,
5840,2,13,7,0,15,,,,,,,,,,,,,,,,,
5841,2,13,7,0,15,,,,,,,,,,,,,,,,,
5843,2,13,7,0,16,,,,,,,,,,,,,,,,,
5844,2,13,7,0,16,,,,,,,,,,,,,,,,,
5846,2,13,7,0,16,,,,,,,,,,,,,,,,,
5847,2,12,7,0,15,,,,,,,,,,,,,,,,,
5848,2,12,7,0,16,,,,,,,,,,,,,,,,,
5849,2,12,7,0,15,,,,,,,,,,,,,,,,,
5850,2,13,7,0,15,,,,,,,,,,,,,,,,,
5851,2,13,7,0,15,,,,,,,,,,,,,,,,,
5852,2,13,7,0,16,,,,,,,,,,,,,,,,,
5853,3,13,7,0,16,,,,,,,,,,,,,,,,,
5854,2,13,9,0,15,,,,,,,,,,,,,,,,,
5855,3,13,7,0,15,,,,,,,,,,,,,,,,,
5856,3,13,7,0,16,,,,,,,,,,,,,,,,,
5857,4,12,7,0,15,,,,,,,,,,,,,,,,,
5858,2,13,7,0,16,,,,,,,,,,,,,,,,,
5859,4,13,7,0,16,,,,,,,,,,,,,,,,,
5860,2,13,7,0,16,,,,,,,,,,,,,,,,,
5861,4,13,7,0,16,,,,,,,,,,,,,,,,,
5864,2,12,9,0,15,,,,,,,,,,,,,,,,,
5866,2,13,7,0,15,,,,,,,,,,,,,,,,,
5868,3,13,7,0,15,,,,,,,,,,,,,,,,,
5870,3,13,7,0,16,,,,,,,,,,,,,,,,,
5872,2,12,7,0,15,,,,,,,,,,,,,,,,,
5873,2,13,7,0,15,,,,,,,,,,,,,,,,,
5874,2,13,7,0,16,,,,,,,,,,,,,,,,,
5875,3,13,7,0,15,,,,,,,,,,,,,,,,,
5878,2,13,7,0,15,,,,,,,,,,,,,,,,,
5879,3,13,7,0,16,,,,,,,,,,,,,,,,,
5880,4,13,17,0,16,,,,,,,,,,,,,,,,,
5882,4,13,7,0,16,,,,,,,,,,,,,,,,,
5883,2,12,7,0,16,,,,,,,,,,,,,,,,,
5884,2,13,7,0,16,,,,,,,,,,,,,,,,,
5885,2,13,7,0,15,,,,,,,,,,,,,,,,,
5887,3,12,7,0,15,,,,,,,,,,,,,,,,,
5889,2,13,7,0,15,,,,,,,,,,,,,,,,,
5890,4,12,7,0,16,,,,,,,,,,,,,,,,,
5891,3,13,17,0,16,,,,,,,,,,,,,,,,,
5892,2,13,7,0,16,,,,,,,,,,,,,,,,,
5893,4,13,7,0,16,,,,,,,,,,,,,,,,,
5894,2,12,7,0,15,,,,,,,,,,,,,,,,,
5895,3,13,7,0,16,,,,,,,,,,,,,,,,,
5896,2,13,7,0,15,,,,,,,,,,,,,,,,,
5897,2,14,7,0,15,,,,,,,,,,,,,,,,,
5900,2,13,7,0,15,,,,,,,,,,,,,,,,,
5901,3,13,7,0,16,,,,,,,,,,,,,,,,,
5902,2,12,7,0,15,,,,,,,,,,,,,,,,,
5903,4,13,7,0,16,,,,,,,,,,,,,,,,,
5904,2,14,9,0,15,,,,,,,,,,,,,,,,,
5905,4,13,7,0,16,,,,,,,,,,,,,,,,,
5906,2,12,7,0,15,,,,,,,,,,,,,,,,,
5907,4,13,7,0,16,,,,,,,,,,,,,,,,,
5908,4,12,7,0,16,,,,,,,,,,,,,,,,,
5909,4,13,7,0,16,,,,,,,,,,,,,,,,,
5910,2,13,7,0,15,,,,,,,,,,,,,,,,,
5911,2,14,9,0,16,,,,,,,,,,,,,,,,,
5912,4,13,7,0,15,,,,,,,,,,,,,,,,,
5913,4,13,7,0,16,,,,,,,,,,,,,,,,,
5914,4,13,7,0,15,,,,,,,,,,,,,,,,,
5915,4,12,7,0,15,,,,,,,,,,,,,,,,,
5916,4,12,7,0,16,,,,,,,,,,,,,,,,,
5917,3,13,7,0,16,,,,,,,,,,,,,,,,,
5919,4,13,7,0,16,,,,,,,,,,,,,,,,,
5920,2,13,7,0,16,,,,,,,,,,,,,,,,,
5921,2,13,7,0,15,,,,,,,,,,,,,,,,,
5922,3,13,7,0,15,,,,,,,,,,,,,,,,,
5923,2,14,7,0,16,,,,,,,,,,,,,,,,,
5925,2,14,17,0,16,,,,,,,,,,,,,,,,,
5926,2,13,7,0,16,,,,,,,,,,,,,,,,,
5927,2,13,7,0,16,,,,,,,,,,,,,,,,,
5928,4,13,7,0,16,,,,,,,,,,,,,,,,,
5929,4,13,7,0,15,,,,,,,,,,,,,,,,,
5930,4,13,7,0,15,,,,,,,,,,,,,,,,,
5931,4,13,7,0,16,,,,,,,,,,,,,,,,,
5932,2,13,7,0,15,,,,,,,,,,,,,,,,,
5934,4,14,7,0,16,,,,,,,,,,,,,,,,,
5935,4,13,7,0,16,,,,,,,,,,,,,,,,,
5937,4,13,17,0,16,,,,,,,,,,,,,,,,,
5938,2,12,9,0,16,,,,,,,,,,,,,,,,,
5939,2,12,8,0,15,,,,,,,,,,,,,,,,,
5941,2,13,7,0,15,,,,,,,,,,,,,,,,,
5943,2,13,7,0,16,,,,,,,,,,,,,,,,,
5946,2,13,7,0,16,,,,,,,,,,,,,,,,,
5947,4,13,7,0,15,,,,,,,,,,,,,,,,,
5948,2,13,7,0,15,,,,,,,,,,,,,,,,,
5950,2,13,17,0,16,,,,,,,,,,,,,,,,,
5951,2,13,7,0,16,,,,,,,,,,,,,,,,,
5952,2,12,8,0,16,,,,,,,,,,,,,,,,,
5954,2,12,7,0,16,,,,,,,,,,,,,,,,,
5955,3,13,8,0,16,,,,,,,,,,,,,,,,,
5956,4,13,7,0,15,,,,,,,,,,,,,,,,,
5957,5,13,10,0,15,,,,,,,,,,,,,,,,,
5958,2,13,7,0,16,,,,,,,,,,,,,,,,,
5959,4,12,17,0,16,,,,,,,,,,,,,,,,,
5961,4,13,7,0,16,,,,,,,,,,,,,,,,,
5964,4,13,7,0,16,,,,,,,,,,,,,,,,,
5966,2,12,7,0,16,,,,,,,,,,,,,,,,,
5960,2,13,7,0,15,,,,,,,,,,,,,,,,,
5961,3,13,7,0,16,,,,,,,,,,,,,,,,,
5964,2,13,7,0,16,,,,,,,,,,,,,,,,,
5966,2,13,7,0,16,,,,,,,,,,,,,,,,,
5967,2,13,7,0,15,,,,,,,,,,,,,,,,,
5968,2,13,7,0,16,,,,,,,,,,,,,,,,,
5970,2,12,7,0,16,,,,,,,,,,,,,,,,,
5972,4,13,7,0,15,,,,,,,,,,,,,,,,,
5973,2,13,7,0,15,,,,,,,,,,,,,,,,,
5974,4,13,7,0,15,,,,,,,,,,,,,,,,,
5980,2,13,10,0,15,,,,,,,,,,,,,,,,,
5982,3,13,7,0,15,,,,,,,,,,,,,,,,,
5984,3,13,7,0,15,,,,,,,,,,,,,,,,,
5985,2,13,9,0,16,,,,,,,,,,,,,,,,,
5986,3,13,7,0,15,,,,,,,,,,,,,,,,,
5987,2,13,7,0,16,,,,,,,,,,,,,,,,,
5988,2,13,7,0,15,,,,,,,,,,,,,,,,,
5989,2,13,7,0,16,,,,,,,,,,,,,,,,,
5990,2,12,7,0,16,,,,,,,,,,,,,,,,,
5991,2,13,7,0,16,,,,,,,,,,,,,,,,,
5992,2,13,7,0,16,,,,,,,,,,,,,,,,,
5993,2,13,7,0,16,,,,,,,,,,,,,,,,,
5994,2,13,7,0,15,,,,,,,,,,,,,,,,,
5996,2,12,7,0,15,,,,,,,,,,,,,,,,,
5998,2,13,7,0,15,,,,,,,,,,,,,,,,,
6001,2,13,7,0,16,,,,,,,,,,,,,,,,,
6002,2,12,7,0,15,,,,,,,,,,,,,,,,,
6003,3,13,8,0,16,,,,,,,,,,,,,,,,,
6004,2,13,7,0,16,,,,,,,,,,,,,,,,,
6005,2,12,7,0,15,,,,,,,,,,,,,,,,,
6006,4,13,7,0,15,,,,,,,,,,,,,,,,,
6007,4,12,7,0,15,,,,,,,,,,,,,,,,,
6008,2,13,7,0,15,,,,,,,,,,,,,,,,,
6009,3,13,7,0,15,,,,,,,,,,,,,,,,,
6011,3,12,7,0,15,,,,,,,,,,,,,,,,,
6012,2,12,8,0,16,,,,,,,,,,,,,,,,,
6013,2,13,7,0,16,,,,,,,,,,,,,,,,,
6016,2,13,7,0,16,,,,,,,,,,,,,,,,,
6018,3,13,7,0,16,,,,,,,,,,,,,,,,,
6019,2,14,7,0,16,,,,,,,,,,,,,,,,,
6020,2,12,10,0,15,,,,,,,,,,,,,,,,,
6022,2,12,7,0,16,,,,,,,,,,,,,,,,,
6023,4,13,7,0,16,,,,,,,,,,,,,,,,,
6025,3,12,7,0,16,,,,,,,,,,,,,,,,,
6026,2,13,7,0,16,,,,,,,,,,,,,,,,,
6027,2,13,8,0,16,,,,,,,,,,,,,,,,,
6028,3,13,7,0,16,,,,,,,,,,,,,,,,,
6031,3,13,7,0,16,,,,,,,,,,,,,,,,,
6032,4,13,7,0,15,,,,,,,,,,,,,,,,,
6033,3,13,7,0,16,,,,,,,,,,,,,,,,,
6034,2,13,7,0,15,,,,,,,,,,,,,,,,,
6035,4,13,7,0,15,,,,,,,,,,,,,,,,,
6036,3,13,7,0,15,,,,,,,,,,,,,,,,,
6037,2,13,7,0,15,,,,,,,,,,,,,,,,,
6038,3,13,7,0,16,,,,,,,,,,,,,,,,,
6039,4,12,7,0,16,,,,,,,,,,,,,,,,,
6040,3,13,7,0,16,,,,,,,,,,,,,,,,,
6044,4,13,7,0,15,,,,,,,,,,,,,,,,,
6045,3,13,10,0,16,,,,,,,,,,,,,,,,,
6047,3,13,7,0,16,,,,,,,,,,,,,,,,,
6048,3,13,7,0,16,,,,,,,,,,,,,,,,,
6049,2,13,7,0,16,,,,,,,,,,,,,,,,,
6051,4,13,8,0,16,,,,,,,,,,,,,,,,,
6052,3,13,8,0,16,,,,,,,,,,,,,,,,,
6053,4,13,7,0,15,,,,,,,,,,,,,,,,,
6054,2,13,9,0,15,,,,,,,,,,,,,,,,,
6055,2,13,7,0,15,,,,,,,,,,,,,,,,,
6056,2,13,9,0,15,,,,,,,,,,,,,,,,,
6057,3,13,7,0,16,,,,,,,,,,,,,,,,,
6058,4,13,7,0,16,,,,,,,,,,,,,,,,,
6059,3,13,7,0,16,,,,,,,,,,,,,,,,,
6060,2,14,7,0,15,,,,,,,,,,,,,,,,,
6061,3,13,7,0,16,,,,,,,,,,,,,,,,,
6062,2,13,9,0,15,,,,,,,,,,,,,,,,,
6063,3,12,7,0,16,,,,,,,,,,,,,,,,,
6064,4,13,9,0,15,,,,,,,,,,,,,,,,,
6065,3,12,10,0,15,,,,,,,,,,,,,,,,,
6066,2,12,7,0,16,,,,,,,,,,,,,,,,,
6068,2,12,10,0,15,,,,,,,,,,,,,,,,,
6069,2,13,7,0,15,,,,,,,,,,,,,,,,,
6070,4,13,7,0,16,,,,,,,,,,,,,,,,,
6071,2,14,7,0,16,,,,,,,,,,,,,,,,,
6072,2,13,10,0,15,,,,,,,,,,,,,,,,,
6074,2,12,7,0,16,,,,,,,,,,,,,,,,,
6075,4,13,7,0,15,,,,,,,,,,,,,,,,,
6076,3,13,7,0,16,,,,,,,,,,,,,,,,,
6078,2,13,7,0,16,,,,,,,,,,,,,,,,,
6079,4,13,7,0,16,,,,,,,,,,,,,,,,,
6080,2,12,9,0,15,,,,,,,,,,,,,,,,,
6081,2,13,7,0,16,,,,,,,,,,,,,,,,,
6082,2,13,7,0,16,,,,,,,,,,,,,,,,,
6083,4,13,7,0,15,,,,,,,,,,,,,,,,,
6084,3,13,7,0,15,,,,,,,,,,,,,,,,,
6085,4,13,7,0,16,,,,,,,,,,,,,,,,,
6086,2,13,7,0,15,,,,,,,,,,,,,,,,,
6087,3,13,7,0,15,,,,,,,,,,,,,,,,,
6088,2,13,7,0,16,,,,,,,,,,,,,,,,,
6089,6,13,7,0,15,,,,,,,,,,,,,,,,,
6090,4,13,7,0,16,,,,,,,,,,,,,,,,,
6091,6,13,7,0,15,,,,,,,,,,,,,,,,,
6092,4,13,7,0,15,,,,,,,,,,,,,,,,,
6093,2,12,9,0,16,,,,,,,,,,,,,,,,,
6094,4,13,7,0,16,,,,,,,,,,,,,,,,,
6097,2,13,7,0,15,,,,,,,,,,,,,,,,,
6098,4,13,7,0,15,,,,,,,,,,,,,,,,,
6099,2,13,10,0,15,,,,,,,,,,,,,,,,,
6100,4,13,7,0,15,,,,,,,,,,,,,,,,,
6101,2,12,9,0,15,,,,,,,,,,,,,,,,,
6102,2,13,7,0,16,,,,,,,,,,,,,,,,,
6103,2,13,7,0,16,,,,,,,,,,,,,,,,,
6104,4,14,7,0,15,,,,,,,,,,,,,,,,,
6105,4,13,7,0,15,,,,,,,,,,,,,,,,,
6106,2,13,7,0,16,,,,,,,,,,,,,,,,,
6107,4,13,7,0,16,,,,,,,,,,,,,,,,,
6108,2,13,7,0,16,,,,,,,,,,,,,,,,,
6109,4,13,7,0,15,,,,,,,,,,,,,,,,,
6110,2,12,7,0,16,,,,,,,,,,,,,,,,,
6111,2,12,9,0,15,,,,,,,,,,,,,,,,,
6112,4,13,7,0,15,,,,,,,,,,,,,,,,,
6113,2,13,7,0,15,,,,,,,,,,,,,,,,,
6115,2,14,7,0,16,,,,,,,,,,,,,,,,,
6118,4,14,7,0,16,,,,,,,,,,,,,,,,,
6119,2,13,7,0,16,,,,,,,,,,,,,,,,,
6121,2,13,7,0,15,,,,,,,,,,,,,,,,,
6122,2,13,7,0,15,,,,,,,,,,,,,,,,,
6123,2,14,7,0,16,,,,,,,,,,,,,,,,,
6125,4,13,7,0,16,,,,,,,,,,,,,,,,,
6126,2,13,9,0,15,,,,,,,,,,,,,,,,,
6127,4,13,7,0,15,,,,,,,,,,,,,,,,,
6128,4,12,10,0,15,,,,,,,,,,,,,,,,,
6129,2,13,7,0,16,,,,,,,,,,,,,,,,,
6131,4,12,7,0,16,,,,,,,,,,,,,,,,,
6132,4,13,7,0,16,,,,,,,,,,,,,,,,,
6134,4,13,7,0,15,,,,,,,,,,,,,,,,,
6136,2,13,7,0,15,,,,,,,,,,,,,,,,,
6140,2,13,7,0,16,,,,,,,,,,,,,,,,,
6141,3,12,7,0,15,,,,,,,,,,,,,,,,,
6142,2,12,10,0,15,,,,,,,,,,,,,,,,,
6143,3,12,8,0,16,,,,,,,,,,,,,,,,,
6144,2,13,7,0,15,,,,,,,,,,,,,,,,,
6145,3,13,7,0,16,,,,,,,,,,,,,,,,,
6146,3,13,7,0,16,,,,,,,,,,,,,,,,,
6148,2,12,7,0,15,,,,,,,,,,,,,,,,,
6149,4,13,7,0,16,,,,,,,,,,,,,,,,,
6150,2,14,9,0,16,,,,,,,,,,,,,,,,,
6151,3,13,7,0,16,,,,,,,,,,,,,,,,,
6152,3,12,7,0,15,,,,,,,,,,,,,,,,,
6153,3,13,7,0,15,,,,,,,,,,,,,,,,,
6155,2,13,7,0,15,,,,,,,,,,,,,,,,,
6157,2,14,9,0,15,,,,,,,,,,,,,,,,,
6159,3,12,7,0,16,,,,,,,,,,,,,,,,,
6161,2,13,7,0,16,,,,,,,,,,,,,,,,,